datetime,True_Values,Predicted_Mean,Quantile_0.025,Quantile_0.975
1,23567,7.2367077,3.983533,10.1792555
2,40011,8.638671,5.8284674,11.433729
3,41741,10.633913,7.839407,13.451334
4,42351,10.368187,7.5738015,13.1800995
5,43814,10.355612,7.5517416,13.155393
6,37484,7.778151,4.9151826,10.584899
7,30233,8.252749,5.298443,11.167196
8,40139,10.478424,7.675863,13.280749
9,41894,10.455357,7.6526365,13.257328
10,42596,10.551899,7.754738,13.369599
11,42973,10.496837,7.696834,13.305049
12,35453,7.557328,4.728917,10.375615
13,3673,10.236379,7.414516,13.045183
14,9350,9.844541,7.035843,12.650481
15,19947,7.793127,4.9312577,10.603962
16,15705,8.779007,5.94399,11.590628
17,10802,9.593513,6.7906094,12.394649
18,30771,7.425097,4.540458,10.320425
19,32203,7.745924,4.885965,10.551779
20,32173,7.8548884,5.041621,10.653988
21,29167,8.284224,5.3544345,11.183822
22,40029,10.936077,8.139092,13.742849
23,32554,7.614678,4.776631,10.422248
24,43381,10.535954,7.735802,13.343801
25,44153,10.737452,7.9391985,13.552428
26,44327,10.544822,7.7499113,13.35938
27,37290,7.658426,4.825628,10.477699
28,31166,8.204437,5.203001,11.121627
29,41543,10.309561,7.5063868,13.109694
30,40632,10.536289,7.7397294,13.343494
31,44079,10.826845,8.0285425,13.64301
32,45078,10.540557,7.745113,13.349442
33,45737,10.625131,7.8263264,13.42975
34,38236,7.3780336,4.4919696,10.248084
35,33149,7.6591635,4.4552712,10.591289
36,41527,10.242804,7.4475727,13.052054
37,42905,10.511538,7.7169495,13.322989
38,44343,10.834569,8.036191,13.650652
39,45167,10.547153,7.7523456,13.357386
40,44979,10.597677,7.8003435,13.403977
41,40607,7.608689,4.764604,10.4430685
42,29760,8.25826,5.257948,11.1957245
43,42270,10.306805,7.508083,13.111149
44,44391,10.553858,7.7555466,13.3588705
45,44273,10.533708,7.7369146,13.340407
46,43798,10.566507,7.7692623,13.3813
47,45802,10.665221,7.8656693,13.468777
48,37651,7.4782963,4.6261964,10.317075
49,30740,8.409254,5.3912616,11.269544
50,41897,9.853946,7.046875,12.652461
51,44575,10.539498,7.742108,13.345635
52,43491,10.523121,7.7258205,13.336493
53,46012,10.7769375,7.982838,13.59111
54,46176,10.726977,7.932583,13.538808
55,39448,7.682513,4.8610086,10.485345
56,31786,7.8746734,4.9384007,10.796464
57,40976,10.284542,7.4895043,13.094177
58,43853,10.503114,7.708241,13.31352
59,44409,10.690184,7.8904705,13.497631
60,43856,10.593965,7.7922997,13.396552
61,44586,10.58624,7.786808,13.390617
62,36464,7.8135657,4.9608064,10.660133
63,31814,7.886954,4.967395,10.793005
64,41515,10.203947,7.4067874,13.009972
65,44384,10.728551,7.9340305,13.545913
66,45533,10.862109,8.067996,13.677533
67,44893,10.863548,8.068086,13.681179
68,47148,10.925392,8.129288,13.743465
69,38756,7.499595,4.6504855,10.335554
70,42670,10.303928,7.5011997,13.105231
71,44459,10.727569,7.9312506,13.546054
72,44719,10.81726,8.015522,13.627212
73,44476,11.016783,8.211195,13.817843
74,48583,10.884942,8.088043,13.692764
75,40249,7.516478,4.674666,10.346973
76,33370,7.2604084,3.9496,10.245964
77,42447,10.595403,7.794558,13.397396
78,45574,10.814701,8.013793,13.630896
79,44508,10.868865,8.073181,13.688163
80,45057,10.781753,7.9793777,13.5980835
81,46455,10.620709,7.8223424,13.425667
82,36899,7.5153255,4.6792054,10.335821
83,30810,8.257429,5.306408,11.174113
84,41920,10.253549,7.447307,13.051872
85,43878,10.503232,7.701676,13.304628
86,43167,10.510662,7.715641,13.324488
87,41856,10.5446415,7.750216,13.355853
88,46389,10.592531,7.796062,13.400191
89,39722,7.2514844,4.280046,10.180696
90,35217,7.0994716,3.8049438,10.073281
91,44919,10.681154,7.88338,13.486806
92,41806,10.8236885,8.026986,13.642944
93,46322,10.803844,8.009624,13.6176815
94,45576,10.837635,8.0399065,13.655404
95,46386,10.588671,7.7900777,13.393487
96,38503,7.683454,4.8588076,10.486044
97,32789,7.5862517,4.4272223,10.562525
98,42769,10.506919,7.7081275,13.311882
99,44523,10.666399,7.8722095,13.484459
100,47092,10.842287,8.047751,13.657395
101,41317,10.742962,7.9434204,13.563825
102,10648,7.304451,4.229137,10.242019
103,42853,7.116873,4.2312875,9.98397
104,35741,7.477242,4.459751,10.413524
105,43773,10.558171,7.762099,13.366385
106,45788,10.585797,7.787547,13.391054
107,46820,10.8413315,8.046923,13.65411
108,48114,10.813763,8.018485,13.629361
109,47736,10.7153845,7.917479,13.521268
110,42121,7.4257064,4.5963745,10.239377
111,35517,7.3843985,4.290072,10.337097
112,44526,10.603673,7.803594,13.406708
113,45632,10.799107,7.999028,13.615765
114,46616,10.753961,7.949826,13.566604
115,44083,10.6708555,7.869914,13.472188
116,47397,10.8130665,8.018184,13.631466
117,40153,7.7011566,4.8773694,10.51234
118,34350,7.010298,3.976403,10.022211
119,33086,10.53138,7.7350717,13.343035
120,43460,10.647158,7.8520703,13.465399
121,45023,10.619747,7.8240805,13.4284115
122,45474,10.673433,7.8754387,13.47867
123,46141,10.704256,7.9099793,13.516713
124,36923,7.6888976,4.8504786,10.494074
125,32219,7.182887,4.1782527,10.174717
126,42036,10.861051,8.063428,13.67583
127,44858,10.601044,7.8032355,13.406518
128,46637,10.910683,8.114117,13.719396
129,45447,10.824787,8.026408,13.642495
130,49178,10.8898735,8.0942955,13.700408
131,44657,9.3280525,6.5224514,12.125495
132,38389,7.4941645,4.4556446,10.433072
133,42840,10.658769,7.8590283,13.462454
134,47345,10.729425,7.932262,13.536157
135,46918,10.901603,8.10452,13.709808
136,45279,10.827575,8.032443,13.6413765
137,48745,10.867191,8.072501,13.680727
138,41851,7.5266376,4.702057,10.335323
139,36529,7.715344,4.8287888,10.588367
140,46263,10.671862,7.8733654,13.477258
141,43250,10.642796,7.8473096,13.462113
142,46755,10.852776,8.058044,13.671524
143,48903,10.861318,8.065096,13.670938
144,44691,10.82831,8.030883,13.635876
145,37992,7.2549567,4.3282733,10.160576
146,33506,7.7651496,4.8945084,10.628866
147,32937,7.0003953,3.734775,10.026833
148,39095,10.820778,8.02395,13.639747
149,44116,10.829118,8.031617,13.648002
150,40658,10.871357,8.077021,13.6877575
151,27878,8.344461,5.44362,11.157471
152,33421,7.5454607,4.7201214,10.359214
153,33090,10.383225,7.58303,13.184336
154,30987,11.0360365,8.231786,13.83648
155,38070,9.950129,7.1512394,12.752997
156,29561,7.1387396,4.120496,10.141556
157,30170,7.585464,4.6362753,10.495575
158,33044,8.705199,5.896669,11.509698
159,32789,10.449237,7.648755,13.252286
160,35244,8.875889,6.0645757,11.670865
161,31740,10.034249,7.2353086,12.837874
162,34127,7.3078885,4.4518223,10.152273
163,9748,9.628065,6.7945237,12.433931
164,13627,8.950852,6.0825424,11.782861
165,21864,8.415833,5.6169195,11.235174
166,16737,8.411218,5.6086664,11.241459
167,10007,8.629172,5.7634454,11.464145
168,23941,7.8138647,4.9659953,10.673447
169,29076,7.675205,4.8551216,10.477461
170,33835,7.712676,4.8641057,10.520215
171,31001,7.852197,4.9918942,10.662404
172,34058,10.213672,7.4181714,13.025349
173,34727,10.660674,7.852434,13.463073
174,33048,10.935673,8.136218,13.739834
175,34941,10.917207,8.111736,13.716019
176,33456,11.078455,8.28174,13.884437
177,37237,7.836961,5.0023074,10.632424
178,34348,7.1998115,4.260106,10.11681
179,34601,9.591484,6.791115,12.392315
180,32851,10.774315,7.974244,13.58445
181,34584,10.77972,7.9810095,13.59496
182,35016,10.901221,8.097337,13.705578
183,37786,10.805237,8.008911,13.61315
184,35986,7.330185,4.37824,10.255301
185,32450,7.619975,4.625972,10.536818
186,32283,10.048109,7.2522144,12.8588915
187,33983,10.460236,7.6662655,13.273578
188,31808,9.63308,6.829326,12.435343
189,34842,10.415653,7.617885,13.222057
190,36853,10.544201,7.7468853,13.351136
191,36725,7.246603,4.325013,10.144514
192,31975,7.500699,4.459731,10.438519
193,35058,8.447252,5.6249876,11.262795
194,34517,11.127123,8.327703,13.931543
195,32206,9.871953,7.0713854,12.677688
196,36150,10.729897,7.9280577,13.545339
197,36822,11.164408,8.360127,13.96329
198,38509,8.625608,5.804451,11.418781
199,35548,7.333757,4.401535,10.241247
200,32753,10.672031,7.866294,13.486784
201,36895,10.282635,7.4782267,13.083427
202,35708,10.667334,7.86156,13.478389
203,36294,11.118513,8.318282,13.924278
204,37059,11.0822115,8.282676,13.893343
205,39397,7.6557975,4.780007,10.512705
206,36090,7.645281,4.816298,10.462587
207,35443,8.6821,5.873823,11.478948
208,36307,10.829902,8.03519,13.64874
209,34543,10.737246,7.9396105,13.547652
210,35886,10.628436,7.8207197,13.426479
211,37945,10.310441,7.5050993,13.109992
212,38007,7.2770524,4.3978977,10.13852
213,33883,7.5113454,4.6658344,10.342882
214,35683,9.075136,6.2719827,11.875999
215,35560,10.48664,7.687102,13.291299
216,33998,11.041102,8.23946,13.842038
217,33793,10.694046,7.888172,13.505328
218,37320,11.146453,8.347153,13.949988
219,40097,8.595651,5.76871,11.413019
220,35127,8.459143,5.6380653,11.252207
221,35551,10.553999,7.75997,13.369847
222,36591,10.824301,8.029741,13.636098
223,35106,11.123293,8.322809,13.927413
224,34930,10.881439,8.075245,13.680297
225,37801,7.3121185,4.3855815,10.215315
226,34915,7.3973994,4.4771366,10.295331
227,32588,10.575085,7.778705,13.38306
228,33937,11.09182,8.285928,13.889693
229,36732,10.73374,7.9355426,13.55218
230,36409,10.91496,8.110297,13.716187
231,36005,10.617725,7.815746,13.420081
232,38852,10.348314,7.543791,13.147595
233,34069,7.317639,4.3930717,10.220553
234,32258,10.706832,7.898712,13.508892
235,34196,10.905797,8.103485,13.716074
236,32765,11.060742,8.254663,13.859032
237,30009,10.650972,7.841844,13.45004
238,37474,10.698054,7.9014215,13.509452
239,38298,7.1703563,4.284353,10.039033
240,34220,7.224887,4.212624,10.195245
241,34308,10.544502,7.7468033,13.351172
242,27360,10.75109,7.9516454,13.565256
243,36513,10.768531,7.9718943,13.586208
244,34908,10.918491,8.11593,13.725245
245,36502,10.8011875,7.998285,13.604088
246,37606,7.6161957,4.7699623,10.418034
247,35728,7.40123,4.488571,10.292138
248,36796,7.7717724,4.90094,10.622558
249,35658,10.779618,7.9853053,13.594839
250,33882,10.351542,7.5458465,13.151946
251,29559,10.611283,7.8046503,13.417624
252,13075,10.490601,7.695474,13.30011
253,41025,7.669193,4.740144,10.556965
254,36548,7.353794,4.4076533,10.269112
255,36233,7.5904193,4.7496667,10.420128
256,36780,10.42376,7.6242623,13.228412
257,34569,10.694885,7.889344,13.50755
258,34551,10.984353,8.181574,13.78755
259,36350,11.040462,8.239006,13.841158
260,39818,7.069407,4.1268387,9.988307
261,35669,7.1586275,4.1538286,10.1290865
262,35482,9.653579,6.843704,12.450619
263,34854,10.65758,7.8527174,13.468109
264,36560,10.339022,7.536228,13.138832
265,31765,10.375751,7.5808887,13.186389
266,37783,9.840911,7.0330286,12.637999
267,40798,7.7791734,4.857712,10.661358
268,34994,9.128076,6.308476,11.923135
269,24986,8.896574,6.0853276,11.691312
270,32369,10.618696,7.810703,13.418293
271,36128,10.693091,7.8976593,13.502544
272,33433,10.715019,7.911864,13.518303
273,35385,10.734151,7.9340973,13.548609
274,36170,7.786438,4.934588,10.590767
275,34173,7.6566253,4.814858,10.486226
276,33656,8.693464,5.8847494,11.492001
277,32149,10.838594,8.037753,13.654546
278,32151,10.769215,7.9717565,13.586382
279,33036,11.028788,8.227167,13.829611
280,31986,10.022755,7.201063,12.817416
281,41104,9.372005,6.567897,12.177064
282,35178,7.3621707,4.453056,10.250816
283,34216,7.704321,4.8719735,10.525475
284,33775,11.10265,8.300382,13.903969
285,34118,10.675508,7.8729396,13.49255
286,34715,11.059034,8.258331,13.86545
287,36989,10.506819,7.707801,13.312219
288,38723,7.0895066,4.163767,9.992588
289,35440,7.3611774,4.43126,10.267704
290,34205,10.442875,7.6438236,13.248439
291,31599,10.662779,7.853252,13.460425
292,35401,10.7614565,7.964631,13.579744
293,36539,10.738892,7.94215,13.557204
294,34957,10.809376,8.012444,13.616635
295,38075,7.2899275,4.2700896,10.224278
296,35455,7.2237034,4.2043247,10.19804
297,34097,7.2389164,4.1658187,10.210026
298,28883,10.47251,7.674253,13.285141
299,33594,10.488058,7.687295,13.29121
300,30674,10.721072,7.924071,13.53455
301,42757,8.186059,5.359717,10.998398
302,63106,11.422783,8.612368,14.221959
303,64100,10.657823,7.838821,13.458814
304,64840,9.61095,6.771952,12.414354
305,69514,11.027062,8.224482,13.829016
306,58761,11.17686,8.371392,13.982708
307,47510,9.740941,6.9413624,12.549391
308,60871,11.383723,8.581729,14.183772
309,66029,10.949816,8.152784,13.759225
310,67124,11.2333765,8.425738,14.03517
311,64634,8.335906,5.405507,11.244642
312,58571,11.0173235,8.203541,13.825252
313,10164,9.796283,6.9267693,12.6061535
314,19555,8.782247,5.8969536,11.627754
315,36504,7.7870197,4.6698303,10.743003
316,29817,8.138602,5.283332,10.954813
317,15210,8.304583,5.3657427,11.21417
318,39724,10.846108,8.045771,13.64831
319,41967,10.941726,8.140959,13.74297
320,47741,10.108281,7.3097887,12.921454
321,46762,9.807329,6.973932,12.616614
322,66432,10.794018,7.983929,13.603467
323,67385,9.608063,6.76469,12.407189
324,65793,8.266793,5.3898997,11.120008
325,69106,10.143596,7.3421464,12.956501
326,64765,8.196004,5.368404,10.999421
327,60073,11.15601,8.347361,13.960724
328,53244,10.720337,7.9143357,13.523098
329,65240,11.040202,8.230661,13.842071
330,64850,10.819887,8.015599,13.620217
331,69617,9.433472,6.4801345,12.298609
332,68941,10.315383,7.4772735,13.118172
333,71468,9.465382,6.643024,12.3225565
334,61468,11.261076,8.462014,14.072135
335,54010,10.839063,8.032088,13.6418
336,65120,10.809827,7.99442,13.618299
337,67714,10.903081,8.088888,13.702237
338,65816,7.886117,4.986001,10.760112
339,70142,10.722754,7.9217014,13.524961
340,71342,10.772417,7.964098,13.571036
341,62814,11.274681,8.467275,14.08498
342,51218,10.402801,7.5888314,13.202709
343,66425,11.330117,8.531004,14.134764
344,67796,9.252946,6.3482013,12.074804
345,64439,7.837244,4.95934,10.690004
346,67931,10.078657,7.230229,12.888898
347,67590,9.716793,6.8988695,12.517058
348,58911,11.214862,8.408716,14.019437
349,53410,10.848721,8.04275,13.651925
350,65613,9.880517,7.0101004,12.690001
351,69476,10.865486,8.052926,13.663875
352,69208,10.071803,7.268327,12.888995
353,70984,9.355183,6.505024,12.215182
354,72555,7.8567967,4.710465,10.8648405
355,63076,11.262749,8.456561,14.073366
356,54697,10.923833,8.11987,13.727202
357,66454,11.221556,8.410023,14.021549
358,69564,10.91608,8.102127,13.716378
359,69840,10.850718,8.039747,13.649369
360,68987,9.865585,7.0064764,12.675185
361,71080,10.624515,7.808174,13.42297
362,60438,11.304057,8.499551,14.114153
363,52367,10.459206,7.648882,13.259069
364,66859,11.306737,8.508322,14.112232
365,69551,10.82653,8.0117855,13.625979
366,68778,8.557589,5.566447,11.5060425
367,70457,10.361312,7.538458,13.16019
368,71465,7.868918,4.9866257,10.725907
369,63183,11.275971,8.466363,14.087538
370,67256,11.394327,8.594744,14.198039
371,70589,10.878572,8.071498,13.678639
372,72600,9.978483,7.1394844,12.782703
373,70526,8.730636,5.7156367,11.589421
374,71174,8.528745,5.4943185,11.462342
375,66718,11.205908,8.400952,14.014643
376,60678,11.289058,8.485528,14.098248
377,67821,10.55538,7.7332354,13.355281
378,71034,8.580332,5.516569,11.478377
379,71359,10.317421,7.5002213,13.127646
380,72767,9.780319,6.92747,12.592416
381,73480,9.79256,6.965681,12.632176
382,64088,11.148961,8.345029,13.959393
383,55331,10.968212,8.160788,13.771812
384,66541,10.916211,8.114434,13.717629
385,70181,10.842714,8.028191,13.641851
386,68320,9.902133,7.049017,12.709991
387,63636,8.687962,5.7893453,11.546771
388,72161,8.552433,5.489805,11.540386
389,62070,11.1794,8.377689,13.989781
390,56268,10.964412,8.157666,13.769277
391,68384,10.934437,8.134009,13.737176
392,62127,9.994639,7.168227,12.795627
393,72233,10.267874,7.4432898,13.067188
394,70554,9.852113,7.0465837,12.674676
395,71108,8.67899,5.7343836,11.515892
396,62628,11.432391,8.630598,14.23217
397,56977,11.04657,8.238942,13.853656
398,68623,11.135679,8.337703,13.941608
399,71782,9.969197,7.149177,12.78848
400,67284,10.73432,7.9252243,13.540253
401,62399,8.334088,5.2244253,11.277025
402,19726,11.41292,8.613011,14.220876
403,67485,11.268246,8.467559,14.07757
404,59806,11.267115,8.466566,14.07738
405,69445,10.922438,8.107563,13.721802
406,72988,10.513991,7.692931,13.314796
407,72004,8.173806,5.1254835,11.033596
408,72649,8.680981,5.6699777,11.562756
409,73133,8.522003,5.642617,11.377147
410,65780,11.100805,8.295136,13.910545
411,60029,11.26701,8.46137,14.0770235
412,70844,10.838562,8.024315,13.638099
413,71343,9.982203,7.163434,12.783986
414,74267,10.104587,7.2730894,12.904768
415,68469,10.356719,7.520932,13.161141
416,72183,9.615725,6.7857585,12.46443
417,64562,11.17843,8.365979,13.9908085
418,57161,11.221477,8.424285,14.031237
419,50594,10.928172,8.122603,13.727218
420,67366,9.740206,6.8629856,12.566065
421,72537,10.192048,7.3641396,12.991398
422,69139,9.575762,6.6746216,12.420366
423,72137,9.9515,7.1211786,12.76612
424,59663,11.114596,8.30553,13.918184
425,54039,10.9768505,8.169856,13.779428
426,65719,10.98561,8.169106,13.784443
427,67038,7.882872,4.669908,10.832993
428,71056,10.300859,7.491485,13.105271
429,70500,8.134464,5.2138457,11.034261
430,70022,11.049886,8.251402,13.860686
431,69714,11.526188,8.727262,14.3308935
432,62721,11.231038,8.430142,14.041277
433,68658,10.554188,7.7323747,13.354231
434,71492,8.516586,5.3318624,11.570409
435,70460,8.660608,5.6769366,11.571159
436,70145,9.42659,6.586547,12.226017
437,74280,9.969353,7.1405478,12.774357
438,63202,11.168275,8.362122,13.978939
439,57633,11.299617,8.494985,14.109755
440,70356,10.1400585,7.321369,12.96903
441,64824,9.289407,6.268476,12.213329
442,71541,9.625918,6.8085594,12.425378
443,74832,10.278437,7.460637,13.078519
444,70786,9.810632,6.9924517,12.610707
445,61639,11.236717,8.428505,14.048116
446,58475,11.06554,8.263046,13.875558
447,55885,10.988522,8.1860895,13.798002
448,59628,7.804566,4.932056,10.613361
449,70028,10.141974,7.314858,12.947543
450,63540,8.192339,5.342744,10.992509
451,29158,8.154356,5.2953672,10.970406
452,43420,10.543213,7.738192,13.343913
453,43619,10.779544,7.981564,13.594027
454,44714,10.776625,7.9774957,13.588319
455,48114,10.82097,8.025422,13.629943
456,0,7.2611465,4.345803,10.113741
457,0,7.2218046,4.308328,10.072789
458,21093,10.698527,7.8969736,13.505053
459,44701,10.623192,7.8240037,13.428447
460,41479,10.699991,7.9060755,13.514926
461,44926,10.7276535,7.9267855,13.541412
462,39191,9.892963,7.0863857,12.693554
463,9793,9.884589,7.0677457,12.695339
464,11551,9.498972,6.668202,12.313592
465,24047,7.892029,5.0783596,10.7439995
466,0,7.1780014,4.274478,10.021994
467,0,7.1870794,4.2848988,10.0294285
468,0,7.15147,4.2437544,9.998228
469,6614,7.904654,5.079111,10.717785
470,33059,7.6762843,4.874506,10.480871
471,29785,7.7673225,4.937034,10.583461
472,44592,10.806485,8.01059,13.621831
473,46537,10.6467705,7.842608,13.4535055
474,46080,10.902997,8.106114,13.710904
475,46504,10.734747,7.936624,13.540718
476,45816,11.129041,8.33209,13.9349375
477,37791,7.985294,5.1786857,10.818017
478,32811,8.125027,5.2840466,10.935663
479,42928,10.800493,8.00234,13.607456
480,41546,11.0350065,8.2352915,13.843779
481,47230,10.670931,7.8668785,13.481142
482,47360,10.789759,7.9916854,13.594823
483,48773,10.859395,8.056358,13.659718
484,39298,8.213246,5.413791,11.022589
485,33574,7.928982,5.0850143,10.741216
486,44031,10.808285,8.01059,13.621439
487,45944,10.806534,8.010769,13.620593
488,46633,10.771633,7.9732256,13.586251
489,46905,10.782793,7.9875283,13.594583
490,48205,10.790992,7.993343,13.604035
491,39593,8.877994,6.0764294,11.699824
492,31938,8.139186,5.2981453,10.949028
493,44961,10.83123,8.033765,13.638586
494,47198,10.788143,7.990111,13.602294
495,46599,10.68098,7.876628,13.48597
496,48040,10.734199,7.930919,13.543483
497,48974,10.802315,8.003086,13.60656
498,39981,9.422518,6.6253724,12.236326
499,34413,7.8624945,5.0097494,10.676214
500,45542,10.759085,7.9572225,13.560821
501,46167,10.706487,7.9033055,13.517263
502,45564,10.770681,7.969881,13.579892
503,48171,10.770595,7.974163,13.578406
504,48867,10.756351,7.9560738,13.568804
505,40142,8.752813,5.951573,11.559529
506,34201,7.815195,4.9632373,10.627851
507,44940,10.849521,8.054158,13.659696
508,46258,10.662972,7.858569,13.469801
509,47070,10.718018,7.9170446,13.532436
510,45852,11.032062,8.232363,13.834344
511,48332,10.81327,8.015834,13.619402
512,37399,7.726614,4.9103107,10.529253
513,32459,8.14641,5.3134556,10.956703
514,44582,10.756233,7.9555683,13.560281
515,48200,10.710035,7.91117,13.523359
516,47113,10.713231,7.910528,13.523438
517,48385,10.697468,7.9005833,13.507829
518,50472,10.778887,7.9816117,13.586386
519,41046,9.91844,7.1196656,12.7276
520,45077,10.867124,8.071765,13.680004
521,46243,10.780341,7.983014,13.594399
522,47838,10.77846,7.982419,13.589815
523,49073,10.701528,7.904196,13.506832
524,51197,10.69048,7.8902087,13.491898
525,41697,9.839345,7.0433493,12.647174
526,36832,7.9110284,5.085888,10.713677
527,47440,10.857421,8.060448,13.663648
528,48731,10.701288,7.902046,13.515612
529,48229,10.706384,7.90706,13.520614
530,49041,10.700247,7.903515,13.510954
531,50286,10.67111,7.873139,13.475835
532,39941,9.361533,6.56442,12.17421
533,35725,7.8338456,5.012619,10.636529
534,46788,10.864396,8.06792,13.671585
535,44145,10.855028,8.059375,13.669309
536,48515,10.821119,8.018585,13.628251
537,50005,11.112995,8.311628,13.914783
538,52896,10.992092,8.194735,13.796858
539,42823,10.016639,7.220583,12.824179
540,37282,7.9115496,5.05653,10.719352
541,47471,10.847772,8.047815,13.651654
542,47232,10.797435,7.997442,13.601574
543,46798,10.773863,7.974781,13.577955
544,47198,10.738535,7.9424615,13.550337
545,48922,10.736603,7.9374404,13.540579
546,38916,9.097082,6.287164,11.921889
547,34958,7.7753096,4.9297566,10.585018
548,46092,10.864248,8.065449,13.670516
549,48863,10.683519,7.886209,13.497583
550,49899,10.636852,7.840114,13.445609
551,45897,10.808684,8.01059,13.62065
552,51150,10.682999,7.8857336,13.488313
553,42676,9.95984,7.1642857,12.768065
554,37607,7.7939997,4.977627,10.596242
555,47631,10.711771,7.907817,13.519446
556,49118,10.67563,7.8790483,13.485261
557,48364,10.972852,8.173932,13.782825
558,50348,10.968891,8.169111,13.777355
559,50949,10.438088,7.641544,13.245017
560,42448,9.969538,7.1737804,12.777372
561,36035,7.8198013,4.994497,10.622982
562,47628,10.823351,8.026207,13.629396
563,49539,10.723494,7.9228916,13.536024
564,49687,10.688809,7.889778,13.500491
565,47721,10.976886,8.1796465,13.782197
566,51273,10.904404,8.107387,13.71389
567,41057,9.675348,6.879437,12.484826
568,36938,7.875815,5.05553,10.677788
569,46053,10.699903,7.896349,13.503165
570,47415,10.764367,7.961189,13.567335
571,49297,10.705859,7.908072,13.511406
572,49393,10.854288,8.052801,13.661428
573,50643,10.952832,8.15507,13.762909
574,40069,9.83643,7.0345736,12.6435585
575,35582,7.8163176,4.984825,10.621511
576,46425,10.845305,8.048384,13.658487
577,48434,10.73938,7.94288,13.550764
578,49650,10.68877,7.8919115,13.496586
579,49178,10.686802,7.8865337,13.499646
580,52679,10.939426,8.141429,13.743345
581,44919,10.577692,7.781313,13.386586
582,40153,8.266897,5.4579277,11.069085
583,47562,10.832418,8.034926,13.637854
584,49390,10.6988945,7.9013066,13.510155
585,46944,10.740564,7.9432545,13.553732
586,50195,10.671857,7.87498,13.47863
587,51783,10.933178,8.136987,13.74145
588,42889,10.103282,7.307381,12.911721
589,37266,7.848751,5.027204,10.6517515
590,47808,10.823736,8.028477,13.633746
591,47493,10.724648,7.921474,13.530696
592,48632,10.669901,7.8709574,13.484017
593,51392,11.111175,8.3128195,13.919322
594,52107,11.133775,8.335999,13.940762
595,40071,9.171166,6.3740096,11.983857
596,36921,7.8810496,5.057208,10.68436
597,35953,7.796027,4.997283,10.601204
598,49119,11.1227255,8.321202,13.923367
599,49499,10.688078,7.8903403,13.499577
600,50180,10.719363,7.9218144,13.530216
601,19992,8.3700485,5.4967217,11.188427
602,20366,8.888933,6.0530353,11.690013
603,20467,8.841673,5.9883523,11.683941
604,20940,8.753262,5.9433203,11.62214
605,23005,8.848225,5.98523,11.699792
606,19435,8.075824,5.206114,10.997
607,20879,8.086047,5.183524,11.009891
608,20716,8.738663,5.926663,11.596496
609,20248,8.72606,5.8766203,11.594895
610,19901,8.719891,5.902118,11.5822315
611,21227,8.740517,5.9125113,11.602072
612,16868,7.9698043,5.1006193,10.906749
613,4746,10.287794,7.485467,13.100524
614,7069,10.249142,7.435226,13.06503
615,13526,8.851862,6.006256,11.699127
616,9199,9.938568,7.13641,12.754403
617,2347,10.075434,7.24323,12.90208
618,7313,5.9217505,2.305938,9.382186
619,8715,8.058955,5.1728635,10.966454
620,11387,9.72897,6.9114747,12.531096
621,12309,9.553978,6.7417617,12.37246
622,18591,8.7493925,5.8765697,11.614986
623,20211,8.728167,5.904682,11.590118
624,20269,8.710477,5.8726487,11.580698
625,21345,8.783335,5.9651804,11.656288
626,21724,8.756427,5.938592,11.617066
627,18621,8.661301,5.796999,11.496493
628,19256,8.638785,5.7777653,11.459058
629,20738,8.793521,5.9482675,11.607302
630,19491,8.8287945,5.987669,11.634309
631,20874,8.833516,5.991976,11.639701
632,21837,8.805983,5.9506435,11.641386
633,23295,8.887129,6.0278,11.730816
634,22046,8.26331,5.399513,11.073805
635,20854,8.193181,5.3173842,11.005544
636,20333,8.79723,5.989077,11.666178
637,20915,8.794717,5.9344172,11.653513
638,20575,8.820921,5.972306,11.6854105
639,22181,8.804451,5.945988,11.645924
640,22881,8.840866,5.9737196,11.720373
641,22429,8.367174,5.509577,11.175798
642,18001,9.088742,6.246505,11.900279
643,21297,8.835312,5.981331,11.675148
644,21971,8.839441,5.9742174,11.697137
645,20577,8.869758,6.023732,11.709155
646,20471,8.811477,5.9695344,11.687968
647,24114,8.903082,6.0498805,11.714418
648,19405,8.711575,5.8437605,11.5513
649,19634,8.50586,5.630284,11.353567
650,22803,8.824478,5.976511,11.634719
651,21605,8.814175,5.9642763,11.638895
652,21250,8.776643,5.966836,11.644906
653,23506,7.892218,5.0667577,10.816662
654,25106,8.884068,6.042103,11.710119
655,23811,8.836572,5.992746,11.639695
656,20477,8.093773,5.176495,11.010379
657,21105,8.779662,5.926765,11.66256
658,21616,8.79518,5.989867,11.658851
659,21795,8.790829,5.9878488,11.651164
660,22378,8.694196,5.8614607,11.559153
661,24394,8.761543,5.9142175,11.6384115
662,20336,8.20072,5.3218255,11.030815
663,21267,8.235586,5.348972,11.086862
664,21580,8.823522,5.96821,11.706224
665,22057,8.854811,5.9926896,11.718751
666,22287,8.855202,5.9945064,11.70876
667,23444,8.594576,5.748088,11.438155
668,25350,8.813888,5.972209,11.623494
669,21695,8.215746,5.346236,11.031127
670,21834,8.880066,6.05063,11.756821
671,22334,8.821458,5.988023,11.6992
672,22529,8.846623,5.998014,11.667525
673,24262,8.665571,5.8280916,11.477245
674,26383,8.536363,5.6847258,11.346666
675,27515,8.884979,6.0189023,11.703638
676,26266,8.946941,6.0990963,11.764476
677,23175,8.799088,5.9529405,11.645277
678,23109,8.859185,6.009011,11.693823
679,22329,8.854495,6.0115223,11.664029
680,23019,8.800226,5.9611254,11.607771
681,24635,8.749962,5.9112372,11.573669
682,22323,8.466859,5.615271,11.272835
683,21667,8.434753,5.579212,11.242354
684,22399,8.890799,6.0860505,11.751723
685,22475,8.832192,5.990577,11.711854
686,22171,8.819657,6.017232,11.678117
687,22006,8.441703,5.6235437,11.326372
688,27328,7.93367,5.0876575,10.739922
689,27344,8.872503,6.0114355,11.720234
690,26136,8.914818,6.066944,11.722383
691,25716,7.9918556,5.1352873,10.850598
692,21861,8.111624,5.257457,10.967396
693,23395,8.832196,5.9897776,11.655961
694,24302,8.02349,5.1972623,10.924611
695,25451,8.622904,5.782307,11.453748
696,22091,8.354706,5.474688,11.215528
697,23623,8.767119,5.9295793,11.588305
698,23025,8.856146,6.016024,11.686659
699,23080,8.809199,5.9639144,11.646351
700,23954,8.65881,5.8207994,11.487204
701,21827,7.85733,5.0254602,10.669391
702,7211,8.838281,5.989344,11.656908
703,27488,8.843831,5.979908,11.660261
704,27795,8.938818,6.093,11.765361
705,23334,8.885246,6.033259,11.738686
706,23552,8.781676,5.933591,11.629579
707,24399,8.70217,5.8607388,11.535006
708,25877,8.019375,5.1752152,10.826099
709,27688,8.136509,5.2649717,10.95159
710,26613,8.856557,6.008506,11.664834
711,28157,8.922679,6.080882,11.744911
712,24903,8.616025,5.770047,11.4597025
713,24737,8.746632,5.908326,11.557156
714,24808,8.446163,5.6061993,11.267912
715,23822,8.211653,5.3951716,11.0950365
716,26700,8.08072,5.229594,10.990606
717,24897,8.909538,6.061116,11.72268
718,25674,8.938281,6.087053,11.769473
719,17726,8.610456,5.8077526,11.4767475
720,21681,8.753783,5.9540153,11.610626
721,23857,8.771061,5.932685,11.580333
722,24503,8.145184,5.298796,10.981674
723,26523,7.9315333,5.063504,10.814565
724,21694,8.355876,5.506143,11.264563
725,23296,8.982173,6.1404963,11.8332815
726,23216,8.642219,5.8389063,11.504273
727,23177,8.788296,5.938478,11.63718
728,24331,8.587328,5.7417493,11.426928
729,26464,8.081421,5.240216,10.898372
730,30147,7.9285326,5.0790863,10.782286
731,35946,8.074292,5.2398205,10.902829
732,36535,8.347339,5.52249,11.21055
733,24494,8.21935,5.3607693,11.084941
734,24846,8.510728,5.659383,11.364324
735,25087,8.538823,5.696635,11.369448
736,24901,7.849998,4.984024,10.728392
737,28252,7.8519893,4.996159,10.709073
738,27274,8.870047,6.019452,11.690534
739,28573,8.941145,6.0995727,11.766053
740,26245,8.002073,5.1557612,10.838237
741,22364,8.743283,5.9311132,11.613175
742,24307,8.662808,5.8266363,11.5419035
743,27094,7.8607364,5.026696,10.670539
744,26806,7.8392205,4.9781814,10.64511
745,26109,8.923884,6.0706525,11.733997
746,29823,8.955538,6.115073,11.76816
747,33611,8.151759,5.3401966,11.039336
748,21182,8.472489,5.6304975,11.362601
749,23287,8.815641,5.9624987,11.685376
750,22298,8.046153,5.193593,10.895742
751,47765,8.273455,5.436893,11.070935
752,60444,11.404111,8.600941,14.215671
753,59292,11.005886,8.202467,13.80784
754,59664,11.429239,8.631054,14.239016
755,63683,11.380997,8.584255,14.18923
756,0,7.265735,4.3733945,10.100159
757,0,7.2257786,4.3353095,10.05887
758,28470,11.309736,8.502166,14.111603
759,57796,11.167402,8.370921,13.975233
760,53718,11.151797,8.345021,13.96063
761,59719,11.386374,8.588273,14.193087
762,53809,11.157679,8.346824,13.974268
763,15011,8.419486,5.412915,11.278643
764,17909,8.405133,5.388388,11.261226
765,32089,9.044033,6.137726,11.865925
766,0,7.1810856,4.298097,10.009205
767,0,7.1898103,4.307671,10.016767
768,0,7.154642,4.26829,9.984613
769,10464,10.657694,7.850719,13.458807
770,49642,10.79345,7.990253,13.597217
771,44018,8.177746,5.353754,10.974335
772,59319,11.385479,8.579792,14.188021
773,61341,11.120655,8.315117,13.924662
774,60688,11.245953,8.438162,14.046919
775,62424,11.259561,8.458111,14.064002
776,64975,11.266688,8.469514,14.074579
777,54198,11.064594,8.265896,13.878158
778,48966,9.915808,7.1153855,12.719893
779,57565,11.439626,8.640431,14.250598
780,56594,11.410976,8.612583,14.217965
781,60608,11.424475,8.626555,14.232556
782,62166,11.456225,8.657436,14.264148
783,66855,11.285411,8.486908,14.092436
784,56292,11.117312,8.31771,13.931261
785,49386,10.104689,7.3049593,12.909988
786,59691,11.427299,8.628871,14.2373
787,60730,11.44367,8.645287,14.252231
788,61233,11.444022,8.645834,14.252705
789,62397,11.435417,8.637763,14.243804
790,66180,11.434931,8.632915,14.240593
791,57737,11.237787,8.437623,14.056066
792,46171,8.298658,5.470698,11.0938425
793,60005,11.401549,8.601594,14.213608
794,62300,11.471619,8.673097,14.279654
795,61646,11.445511,8.647452,14.25297
796,64197,11.322788,8.525717,14.130152
797,68666,10.85379,8.049531,13.655572
798,60377,11.39256,8.588287,14.210304
799,52782,10.638796,7.840507,13.447175
800,63396,11.498013,8.69653,14.305794
801,61836,11.437349,8.639389,14.244865
802,60816,11.44176,8.643435,14.2489605
803,64638,11.160828,8.359129,13.964609
804,65900,9.872077,7.0706143,12.681803
805,58099,11.274211,8.472607,14.091457
806,50627,10.41781,7.6194034,13.224106
807,59102,11.422149,8.623773,14.232312
808,61242,11.346324,8.546599,14.151113
809,60390,11.093583,8.291274,13.895459
810,61664,11.389829,8.592725,14.197465
811,65809,11.41187,8.611353,14.217788
812,54365,11.073797,8.27662,13.887566
813,47907,9.507301,6.701243,12.30652
814,58473,11.325555,8.523913,14.138389
815,63002,11.398958,8.601879,14.206888
816,62359,11.426356,8.628719,14.233913
817,64658,11.359492,8.562407,14.167598
818,69684,11.027508,8.226608,13.83282
819,49838,10.489007,7.685528,13.289263
820,61187,11.51294,8.714791,14.320554
821,61448,11.437084,8.639692,14.245169
822,63951,11.336232,8.539254,14.143951
823,69715,10.945257,8.14632,13.751503
824,70959,10.92838,8.128347,13.7348175
825,62575,11.326443,8.52202,14.143583
826,55681,11.077877,8.280862,13.891361
827,62731,11.494804,8.697278,14.302275
828,64084,11.358527,8.561643,14.1664
829,64225,11.13733,8.335074,13.941233
830,64869,11.1922035,8.394508,13.999222
831,70108,10.8867235,8.088411,13.694721
832,60726,11.314037,8.5073395,14.129945
833,55318,11.038009,8.24145,13.8514385
834,63530,11.404466,8.606172,14.20986
835,60246,11.422495,8.62267,14.228864
836,65124,10.90763,8.099091,13.709281
837,67121,10.826424,8.024233,13.629643
838,75059,10.408374,7.6072006,13.21344
839,66063,11.231114,8.418012,14.048658
840,59074,11.131218,8.333365,13.948991
841,30841,8.054707,5.1893578,10.917809
842,62905,11.348305,8.550669,14.154976
843,62697,11.2277,8.424092,14.030653
844,63748,11.215703,8.417362,14.021858
845,69587,10.876503,8.078696,13.685196
846,58610,11.293339,8.489539,14.1102295
847,53227,10.865738,8.068633,13.677437
848,62010,11.448029,8.650249,14.25504
849,64638,11.205933,8.4086685,14.013893
850,65720,10.950573,8.148802,13.755502
851,61422,10.868203,8.069547,13.675587
852,70856,9.607797,6.76138,12.426566
853,63123,11.257551,8.45134,14.074668
854,58397,11.119795,8.320629,13.936174
855,62645,11.394568,8.5947485,14.19861
856,64888,11.094164,8.295203,13.9005375
857,65053,11.01572,8.212652,13.819385
858,67166,10.865741,8.06595,13.671329
859,71445,9.6699505,6.84666,12.475559
860,64079,11.236174,8.424419,14.052744
861,55307,11.026343,8.2291155,13.838744
862,63589,11.396859,8.597935,14.201514
863,65260,11.031431,8.231362,13.836594
864,65534,10.958799,8.152375,13.761022
865,64538,11.008724,8.205787,13.811897
866,70824,10.681669,7.8809857,13.485372
867,61149,11.299098,8.489217,14.113758
868,57676,11.138754,8.339204,13.95344
869,63694,11.319773,8.518539,14.123462
870,63314,11.200116,8.398606,14.004292
871,65608,10.925003,8.116414,13.7270355
872,66572,10.852098,8.046608,13.6542845
873,70698,10.744085,7.945998,13.550302
874,59108,11.322734,8.518185,14.1387
875,54355,11.043462,8.247087,13.857794
876,62908,11.337777,8.529818,14.138365
877,61097,10.04411,7.214773,12.861085
878,59660,10.214664,7.3941264,13.014239
879,67854,10.846847,8.04523,13.650288
880,73822,10.349668,7.5482492,13.155433
881,67742,11.204405,8.388253,14.020116
882,62455,11.3994465,8.599211,14.2214775
883,64861,10.943274,8.131492,13.74303
884,66038,10.798842,7.9886603,13.599157
885,67328,10.120315,7.311285,12.92544
886,69880,10.701635,7.8972006,13.504152
887,71859,10.289153,7.4686527,13.089521
888,64058,11.263495,8.454378,14.080898
889,55961,11.133069,8.321807,13.950546
890,64696,11.234787,8.431947,14.03832
891,64121,10.964245,8.151627,13.766611
892,65652,10.824193,8.01059,13.625609
893,69749,10.486714,7.6669154,13.289155
894,73853,10.308984,7.508404,13.114661
895,61753,11.296965,8.489546,14.112845
896,57440,11.109322,8.312011,13.926113
897,57398,11.256465,8.448744,14.071523
898,67744,10.780258,7.9691987,13.5819
899,65406,10.852465,8.041368,13.653697
900,67917,10.790406,7.9825153,13.592178
901,33288,7.298034,4.248529,10.362393
902,49334,10.403556,7.547571,13.258314
903,51067,10.763463,7.963295,13.569577
904,51519,10.980904,8.18356,13.793014
905,53585,10.995893,8.188499,13.808577
906,44302,4.4048314,0.14651193,8.202626
907,38699,6.719688,3.770352,9.832643
908,47908,11.118338,8.310413,13.915722
909,51656,10.9488125,8.14387,13.75028
910,50613,11.28418,8.482445,14.084702
911,52153,11.266038,8.470034,14.073745
912,45141,5.7867656,2.6409245,9.006313
913,3310,8.91588,5.479486,12.17694
914,0,7.3616457,4.4743133,10.199762
915,2767,9.37031,6.4895244,12.232095
916,22127,7.6637983,4.5317287,10.715231
917,14019,9.262605,6.3541255,12.128979
918,36135,5.257922,1.7245191,8.78027
919,41614,4.4112625,1.1415315,7.447411
920,43407,4.5048695,0.93611914,7.5175886
921,37489,4.3479524,0.5537389,7.702557
922,50697,11.311077,8.5129,14.1209755
923,54523,11.2449465,8.439018,14.043192
924,52812,11.356596,8.55749,14.159429
925,52716,11.332635,8.527596,14.131799
926,52220,11.383329,8.586288,14.191328
927,46690,4.346858,0.3158276,7.7980833
928,41241,4.955938,1.3130869,8.367483
929,50957,10.9773655,8.177727,13.779598
930,50413,11.191794,8.38443,13.989166
931,52726,11.313841,8.517597,14.120819
932,54363,11.320605,8.518925,14.120684
933,54636,10.858438,8.055541,13.662615
934,50134,8.631178,5.7298503,11.449817
935,42865,6.8499656,3.6349437,10.0451145
936,50709,10.907041,8.110731,13.718757
937,52511,11.219563,8.413498,14.017038
938,54475,11.152616,8.348804,13.951096
939,54891,11.188504,8.387441,13.99117
940,53264,10.74917,7.925798,13.546984
941,49473,4.0427055,-0.4358172,8.004652
942,38941,6.5870814,3.6305115,9.719615
943,52012,11.067624,8.267835,13.870637
944,55359,11.327756,8.527898,14.134222
945,53700,11.328579,8.528358,14.130053
946,52996,11.148568,8.342112,13.945242
947,52967,11.328469,8.525356,14.127132
948,45973,5.472507,1.6626967,8.966313
949,41210,4.9398646,1.7119185,8.364083
950,50109,10.398562,7.560105,13.195446
951,53572,11.034686,8.2353735,13.837497
952,53815,11.003746,8.198413,13.801499
953,54097,11.169902,8.359441,13.970429
954,55202,11.472738,8.670308,14.27221
955,50094,6.304657,2.488079,9.798849
956,41399,5.071734,1.5229412,8.480049
957,50944,11.028935,8.233209,13.836686
958,52878,10.850373,8.051143,13.661521
959,51823,11.381916,8.585248,14.191308
960,51480,11.401703,8.604922,14.210498
961,52344,11.054582,8.252978,13.85586
962,45056,3.6760445,-0.5436486,7.2797456
963,38038,5.2778687,1.2469401,8.75189
964,49645,10.862317,8.047964,13.684922
965,52270,11.42098,8.613809,14.218409
966,53137,11.025511,8.218581,13.825751
967,54053,11.252005,8.447834,14.055608
968,56150,11.290367,8.485282,14.094174
969,47199,4.9131565,0.47741264,8.766785
970,49139,10.912092,8.113262,13.722922
971,52500,11.179449,8.378826,13.9876175
972,53032,11.397725,8.5971575,14.20092
973,54734,11.293698,8.488924,14.093223
974,55618,10.71834,7.914833,13.533386
975,48573,6.721644,2.8722794,10.147681
976,42668,5.4636574,2.1779969,8.826605
977,51682,10.844035,8.035717,13.643681
978,54264,11.394438,8.592203,14.1948
979,53137,11.244562,8.438976,14.043083
980,53310,10.844675,8.037212,13.644031
981,53226,11.408938,8.606286,14.20826
982,45346,4.9877214,1.1218199,8.615811
983,39740,6.1794486,2.84683,9.478896
984,46319,11.112068,8.307422,13.9142885
985,50291,10.8371,8.031212,13.646053
986,49655,11.042741,8.2426405,13.844992
987,45954,10.999741,8.201705,13.803665
988,53387,11.224641,8.425076,14.031315
989,47921,7.4446616,3.8745327,10.741264
990,41089,6.0744534,2.9631238,9.340765
991,51279,11.040486,8.236874,13.8447695
992,46202,10.603208,7.7963142,13.416295
993,53394,11.256905,8.457068,14.060052
994,52447,10.95759,8.140835,13.757929
995,53469,11.060324,8.258869,13.869078
996,46748,5.4785724,1.3908565,9.105705
997,40174,6.3838034,3.3029063,9.532607
998,50470,10.948304,8.14068,13.752052
999,53671,10.851325,8.040426,13.652163
1000,53872,11.106838,8.304466,13.913165
1001,46114,10.671803,7.8649273,13.486437
1002,15728,10.533836,7.7253056,13.344447
1003,50321,10.528699,7.7257175,13.345218
1004,42971,5.6236606,2.461769,8.940205
1005,52852,10.98544,8.1845875,13.78715
1006,54727,11.345152,8.543412,14.151718
1007,54526,10.745706,7.9205275,13.545742
1008,54758,11.354822,8.552913,14.158312
1009,55211,10.635311,7.8188686,13.442089
1010,50615,9.593628,6.743011,12.419618
1011,43008,5.438496,2.1735613,8.775578
1012,50895,10.858133,8.052863,13.659092
1013,52543,9.494103,6.680062,12.289206
1014,54024,11.279991,8.479345,14.082024
1015,51479,11.382682,8.574935,14.180365
1016,52807,10.725942,7.9109516,13.523275
1017,49462,7.657297,4.3102694,10.842046
1018,42853,5.383295,1.8063717,8.787644
1019,36026,10.820437,8.011673,13.624544
1020,50231,11.395481,8.587046,14.192699
1021,53369,11.296612,8.493109,14.104131
1022,53353,11.270728,8.4686775,14.080051
1023,52310,11.363566,8.561073,14.167393
1024,45313,6.348301,3.2329369,9.283984
1025,39917,5.8733206,2.2367404,9.309783
1026,49771,10.965023,8.161261,13.772281
1027,52733,11.371419,8.563909,14.170036
1028,52930,11.404975,8.602088,14.205502
1029,55035,11.374108,8.571481,14.178909
1030,56709,10.617062,7.813809,13.4321
1031,54997,10.966712,8.156163,13.770081
1032,45388,5.6812763,2.3528624,9.053059
1033,48531,10.958188,8.15564,13.759405
1034,53876,10.727186,7.9011383,13.525788
1035,53365,11.028633,8.220826,13.829003
1036,51406,11.234844,8.428924,14.03343
1037,55349,10.748339,7.9215913,13.549138
1038,51054,10.4450035,7.629698,13.243443
1039,43021,5.9066153,2.3647182,9.036612
1040,52664,10.794041,7.9822073,13.599068
1041,49852,11.303274,8.497421,14.104779
1042,53675,11.332105,8.530313,14.139268
1043,54131,9.564326,6.7078657,12.404521
1044,55068,11.312647,8.510357,14.120782
1045,48189,5.3591614,2.0372353,8.786509
1046,43204,6.994438,3.8733666,10.16049
1047,40269,7.4940405,4.586378,10.451575
1048,44253,11.231813,8.416975,14.034952
1049,52109,11.270565,8.468616,14.080432
1050,46788,9.158172,6.2899776,12.022659
1051,27668,8.046715,5.233732,10.868299
1052,33424,9.941617,7.1431727,12.746324
1053,32726,10.759282,7.9634767,13.576191
1054,33401,10.81156,8.018006,13.629305
1055,38624,10.912835,8.1159315,13.721025
1056,32229,7.674902,4.787707,10.550621
1057,29872,6.8612437,3.9426038,9.7480755
1058,32876,10.5375595,7.739527,13.3470745
1059,34218,10.7581215,7.9554987,13.55965
1060,35226,10.470996,7.672019,13.27981
1061,35301,11.054293,8.258087,13.862047
1062,35668,9.383637,6.5636296,12.192318
1063,9906,9.341654,6.5241575,12.167264
1064,13243,8.281505,5.4758263,11.095246
1065,22262,7.891304,5.0958757,10.718592
1066,16369,8.4459915,5.6373076,11.260545
1067,10322,6.888313,4.0472813,9.724566
1068,25123,7.463699,4.5584526,10.280379
1069,31440,9.64901,6.85289,12.460598
1070,35223,7.653089,4.809898,10.458616
1071,31821,7.655543,4.7713876,10.531935
1072,34123,9.871941,7.062995,12.669811
1073,35385,9.688449,6.877116,12.503824
1074,34605,8.570665,5.696809,11.450851
1075,35587,9.678016,6.848394,12.485227
1076,36629,10.045729,7.2456975,12.847241
1077,37585,8.406495,5.5824523,11.199673
1078,34821,7.5232673,4.529583,10.38554
1079,34861,10.670158,7.8658814,13.485288
1080,33325,9.252326,6.403948,12.0645075
1081,34122,8.508072,5.6242566,11.397159
1082,35540,9.707178,6.892585,12.520275
1083,38428,11.145396,8.340764,13.944197
1084,38229,10.91594,8.118358,13.729968
1085,33621,7.620022,4.753812,10.47612
1086,32474,10.849108,8.049118,13.651381
1087,34121,10.658386,7.862103,13.467085
1088,34670,10.952478,8.14843,13.7541485
1089,35907,9.844378,7.0117655,12.665678
1090,37691,11.087887,8.2822075,13.888218
1091,36911,8.939964,6.1268177,11.749698
1092,31141,7.2755523,4.3792486,10.131083
1093,34205,10.598342,7.801149,13.404001
1094,36280,9.211441,6.365462,12.02143
1095,34504,9.894248,7.083881,12.689927
1096,36475,10.520418,7.7223377,13.328432
1097,39892,10.605984,7.7929826,13.401884
1098,38643,9.513907,6.7051797,12.3103895
1099,35194,7.2896733,4.1022863,10.18792
1100,34935,10.703059,7.900142,13.519662
1101,35060,10.657631,7.850318,13.464886
1102,36154,10.699436,7.8967023,13.515492
1103,37883,9.733215,6.9297743,12.538563
1104,39549,10.407279,7.6037354,13.209373
1105,40806,9.890463,7.085482,12.696204
1106,36530,7.2679744,4.095821,10.207047
1107,34617,10.485823,7.6881013,13.290105
1108,35881,10.44762,7.6514115,13.256366
1109,36080,9.584142,6.761267,12.389373
1110,35773,9.48646,6.6804686,12.284138
1111,39247,11.113916,8.30815,13.912542
1112,39479,8.775795,5.9550543,11.589987
1113,34320,7.157923,4.140097,10.1357975
1114,34575,10.594712,7.796523,13.399262
1115,34293,9.049047,6.2188387,11.859643
1116,35880,9.367677,6.5205984,12.178713
1117,35900,10.385098,7.5891604,13.192968
1118,41295,10.984621,8.181122,13.785286
1119,40043,10.904862,8.108433,13.720752
1120,36641,10.960584,8.155509,13.760825
1121,36404,10.575167,7.7790575,13.382972
1122,37619,9.999885,7.1698484,12.809183
1123,37696,9.714988,6.913146,12.520161
1124,39396,9.082853,6.2651772,11.898428
1125,40593,10.451317,7.6475224,13.2501955
1126,36375,10.2592535,7.457459,13.058835
1127,33217,11.07363,8.267498,13.8736515
1128,35683,11.063942,8.258965,13.8624735
1129,37603,9.060083,6.212459,11.87189
1130,37193,10.663198,7.8627787,13.481776
1131,38769,10.45442,7.6572175,13.260035
1132,40592,8.898296,6.0574355,11.719033
1133,35457,7.4503307,4.286799,10.343071
1134,34891,10.488671,7.689542,13.291121
1135,37066,10.91403,8.116411,13.7216215
1136,35797,10.741166,7.9400063,13.554428
1137,25219,10.991112,8.189302,13.792554
1138,41823,11.107432,8.3117,13.916323
1139,40430,10.6306095,7.832932,13.43557
1140,37321,7.3469133,4.440112,10.202337
1141,34771,11.088952,8.283776,13.888081
1142,29559,9.756978,6.9391193,12.575468
1143,37213,9.370922,6.5587397,12.180689
1144,36402,9.717028,6.911666,12.521607
1145,40706,11.086326,8.285274,13.888752
1146,39864,10.420923,7.6209097,13.225717
1147,36994,7.490966,4.3663135,10.373412
1148,36728,10.893377,8.095633,13.700571
1149,38010,10.403697,7.6076355,13.210505
1150,37162,10.921202,8.117032,13.72262
1151,32037,9.313346,6.511238,12.139506
1152,13016,10.740861,7.9390054,13.548355
1153,39910,9.47407,6.6711507,12.279283
1154,38022,7.398115,4.228137,10.300904
1155,35038,10.787611,7.9917474,13.604852
1156,36713,9.025409,6.198408,11.837826
1157,36947,9.750848,6.9222813,12.5596
1158,37750,9.833737,7.013183,12.633495
1159,40489,9.8561535,7.054137,12.658187
1160,41669,10.0212755,7.2218623,12.825262
1161,38380,7.1697025,3.9358559,10.114929
1162,36671,10.7596035,7.9582567,13.577254
1163,35870,10.198357,7.4016585,13.004506
1164,36822,9.759034,6.9566846,12.564359
1165,34498,9.718062,6.9062967,12.512539
1166,39845,10.854469,8.047911,13.655318
1167,41205,9.53486,6.7221766,12.341963
1168,37131,9.672099,6.867628,12.477609
1169,27253,10.872922,8.077067,13.690401
1170,33395,10.474912,7.673855,13.279138
1171,36990,10.701147,7.8912163,13.498842
1172,36753,10.070967,7.2726974,12.874815
1173,38487,9.454553,6.615682,12.274249
1174,37544,8.623485,5.7965407,11.417921
1175,34113,7.2749977,4.2997975,10.2210865
1176,33529,10.809879,8.01554,13.621886
1177,33844,9.666143,6.8635674,12.472376
1178,34223,9.423332,6.622228,12.246184
1179,36132,9.6099,6.783428,12.417168
1180,38674,9.108546,6.2819004,11.924268
1181,40891,9.949276,7.149126,12.753634
1182,37368,7.438095,4.296155,10.326888
1183,34627,11.006785,8.208576,13.815028
1184,36356,9.7923765,6.963745,12.601597
1185,35696,9.66862,6.852706,12.4781065
1186,36304,9.529647,6.700182,12.337322
1187,37652,9.918894,7.11921,12.725057
1188,37943,8.08689,5.1620874,10.959052
1189,35013,7.0629754,4.0250816,10.033773
1190,34212,10.528836,7.7183037,13.326891
1191,33363,9.703469,6.885311,12.516252
1192,36336,9.022034,6.1939907,11.831143
1193,38077,9.446256,6.632149,12.259053
1194,38584,10.782874,7.987347,13.596718
1195,39828,8.385588,5.3878293,11.234921
1196,36470,7.2758985,4.3563876,10.145915
1197,32963,7.534669,4.7029886,10.405808
1198,31867,10.455293,7.6453943,13.252187
1199,33930,9.109631,6.2931128,11.926599
1200,33009,9.5883255,6.7772174,12.395028
1201,30335,7.7160215,4.7609706,10.685142
1202,41545,7.8062057,4.788446,10.859833
1203,42796,9.471919,6.610416,12.366103
1204,41723,9.216702,6.3358784,12.1318655
1205,46842,10.220187,7.423641,13.035656
1206,0,7.3125534,4.4095807,10.158193
1207,0,7.273328,4.3723335,10.117199
1208,25955,10.871944,8.054284,13.700802
1209,43265,10.500057,7.6868873,13.333114
1210,40794,9.424444,6.516314,12.358578
1211,42802,10.887269,8.081052,13.68845
1212,37332,5.627825,2.4381275,8.945179
1213,10442,9.611748,6.796325,12.437496
1214,12746,9.549407,6.7362404,12.367658
1215,24066,6.4378333,3.4191778,9.4750185
1216,0,7.229621,4.336822,10.067271
1217,0,7.2385063,4.346608,10.074731
1218,0,7.2034087,4.3071632,10.043224
1219,7924,6.270588,2.95162,9.543793
1220,32250,5.4145,2.0697954,8.715924
1221,30796,5.429021,2.1485543,8.673415
1222,42025,10.486114,7.661128,13.314655
1223,44555,10.447176,7.637781,13.273447
1224,44591,10.717259,7.903994,13.549235
1225,45497,10.5318775,7.7263813,13.354529
1226,45425,11.253893,8.435267,14.069164
1227,38941,5.9347143,2.7206776,9.111662
1228,34911,6.061528,2.7058003,9.383559
1229,40530,9.321356,6.4978123,12.189879
1230,41893,9.889585,7.056225,12.7480955
1231,45205,10.481421,7.676982,13.301768
1232,46435,10.562925,7.763553,13.376806
1233,48442,10.714145,7.9164057,13.526962
1234,41946,6.0883737,2.8299956,9.370564
1235,35784,6.5937934,3.3736682,9.786072
1236,42755,10.509545,7.694051,13.325866
1237,44389,10.242364,7.4312816,13.073543
1238,45295,10.480536,7.6773643,13.299786
1239,45642,10.91435,8.095711,13.710289
1240,47392,10.685283,7.8882117,13.495575
1241,42443,5.6950684,2.3359628,9.032838
1242,33964,5.6266317,2.2885723,8.982388
1243,42782,9.114266,6.270514,12.006189
1244,45671,10.505409,7.7019634,13.324375
1245,45366,10.532601,7.7162976,13.369101
1246,45377,10.49118,7.6714706,13.328707
1247,48338,10.720395,7.922754,13.534331
1248,41045,6.157712,2.9558635,9.362212
1249,36888,6.6137214,3.4203389,9.79543
1250,46197,10.510069,7.7017727,13.335762
1251,44936,10.341131,7.5421433,13.157669
1252,44960,10.221678,7.423157,13.039749
1253,47078,10.612841,7.8098855,13.432272
1254,49828,10.8561535,8.053503,13.676172
1255,43313,5.5241265,2.1093338,8.870052
1256,37048,5.740009,2.5199032,8.919368
1257,43387,9.891315,7.0621953,12.746531
1258,44025,10.850177,8.042347,13.652856
1259,45623,10.548788,7.7352705,13.383478
1260,45709,11.071493,8.266315,13.878492
1261,47514,10.695285,7.89681,13.508271
1262,39604,5.990991,2.790358,9.210686
1263,34150,5.6721454,2.3167238,9.026487
1264,42307,8.85072,5.984255,11.766327
1265,46194,10.566853,7.766614,13.381338
1266,47526,10.582069,7.7707286,13.413477
1267,47914,10.602165,7.793727,13.430332
1268,50389,11.004846,8.200727,13.8226595
1269,41452,6.3185716,3.1458962,9.5232725
1270,42720,10.567224,7.750758,13.384403
1271,44718,10.194663,7.385229,13.023944
1272,46713,10.934452,8.107139,13.732385
1273,48926,10.968764,8.166152,13.785127
1274,51146,11.062036,8.258935,13.876543
1275,44827,6.058633,2.7047381,9.419927
1276,40683,6.0393925,2.8892813,9.168497
1277,46314,10.571883,7.7727213,13.38517
1278,47642,10.628576,7.827719,13.445227
1279,47165,10.612609,7.80947,13.432567
1280,46103,11.345185,8.527565,14.141674
1281,50498,10.735165,7.8721743,13.539
1282,43467,5.7165318,2.3264275,9.058028
1283,39632,5.8305717,2.676515,8.981068
1284,44187,10.836247,8.023409,13.650522
1285,46928,10.996347,8.190293,13.808052
1286,47060,10.555967,7.7353816,13.397606
1287,47160,11.275603,8.434604,14.072571
1288,51453,10.915481,8.117635,13.727596
1289,42577,5.590218,2.2233884,8.933943
1290,38814,6.245314,3.040519,9.495734
1291,45400,10.244891,7.442699,13.066483
1292,47251,10.604237,7.8023663,13.422971
1293,46328,10.5606785,7.762011,13.373265
1294,46989,10.90612,8.079393,13.704714
1295,49693,10.773609,7.967978,13.596819
1296,42855,6.8587084,3.7948265,10.001756
1297,38824,5.959995,2.7580163,9.17791
1298,24837,6.96058,4.0140967,10.039827
1299,47194,10.726436,7.915539,13.555306
1300,47498,10.575424,7.7709618,13.398244
1301,44948,10.643705,7.836521,13.470723
1302,50672,10.281877,7.4279203,13.124626
1303,45640,6.851916,3.6755657,10.037148
1304,41478,5.3006268,1.9232978,8.603858
1305,23571,7.080534,4.1389856,10.149978
1306,46931,10.523383,7.708921,13.358152
1307,47787,10.579397,7.7708726,13.407179
1308,49102,10.789091,7.981444,13.61407
1309,50357,10.937823,8.126992,13.754186
1310,44609,5.9943314,2.6549845,9.31576
1311,43121,5.4909496,2.0941093,8.785
1312,46106,10.534042,7.7354393,13.345969
1313,46098,11.0987625,8.280596,13.898537
1314,48271,10.614585,7.811673,13.434535
1315,47262,10.594583,7.776983,13.429273
1316,49653,11.232774,8.400919,14.029384
1317,43045,5.8585377,2.5377166,9.226366
1318,39844,5.9067016,2.7511382,9.034446
1319,44515,10.861418,8.05256,13.683848
1320,46209,10.972702,8.1668825,13.786401
1321,47797,10.620411,7.819928,13.436199
1322,49067,10.751902,7.905906,13.553787
1323,46928,10.776534,7.9643364,13.594154
1324,41696,5.506837,2.116688,8.792558
1325,38799,5.9145536,2.7214313,9.097743
1326,44798,10.176025,7.369706,13.002314
1327,46963,10.529991,7.7102394,13.369627
1328,48859,11.047442,8.241855,13.86082
1329,49333,11.041985,8.235611,13.856076
1330,53179,11.342646,8.514622,14.137083
1331,46431,8.181823,5.2672863,11.122553
1332,43907,5.9108667,2.6410758,9.188514
1333,46359,10.608663,7.8089857,13.422015
1334,48176,10.859604,8.052715,13.6814
1335,49059,11.034677,8.225475,13.846328
1336,49455,10.753586,7.947308,13.578091
1337,52132,11.076338,8.275483,13.888401
1338,44116,6.7538004,3.592563,9.9062
1339,41670,5.971466,2.753942,9.156516
1340,47101,10.556779,7.7383785,13.39504
1341,44904,8.928442,6.058649,11.779246
1342,46719,10.5485525,7.736524,13.381168
1343,46933,10.556735,7.751514,13.378946
1344,50994,10.844675,8.045481,13.659903
1345,41220,6.2709737,3.1058056,9.473885
1346,41156,6.258339,3.0995777,9.449913
1347,40652,5.69748,2.4576135,8.923371
1348,49105,10.75481,7.944845,13.584206
1349,48277,10.629442,7.822853,13.45572
1350,49532,10.817123,8.010261,13.641886
1351,27688,7.669333,4.644241,10.686024
1352,38453,5.6422033,1.5257503,9.1162615
1353,38845,7.7192984,4.1947784,10.957548
1354,38608,6.446462,2.4409025,9.854341
1355,41491,8.988974,6.045497,11.942146
1356,0,7.2348385,4.323181,10.08363
1357,0,7.1948905,4.28501,10.042179
1358,17300,4.637018,0.62781125,8.227553
1359,38369,8.612498,5.515247,11.681854
1360,36545,6.685268,2.9076593,10.166525
1361,39481,8.124231,4.823648,11.2611475
1362,35256,5.458136,2.01933,8.780197
1363,9205,9.315851,6.4882197,12.207107
1364,11049,8.456702,5.5309067,11.408815
1365,20041,6.891579,3.8975089,9.946862
1366,0,7.15009,4.2500916,9.990673
1367,0,7.1589985,4.260337,9.99803
1368,0,7.1235723,4.219395,9.966744
1369,6590,5.7262278,2.6434643,8.811301
1370,30919,5.1096244,1.8865361,8.300709
1371,27065,7.3258004,4.377336,10.300591
1372,38635,8.411121,5.305919,11.501038
1373,37218,11.275464,8.463799,14.074724
1374,37475,10.963294,8.162205,13.776028
1375,39062,10.407769,7.5950303,13.235926
1376,42423,10.139457,7.3222413,12.97895
1377,33809,6.0989423,2.8178759,9.282145
1378,30347,7.4856586,4.5196295,10.453146
1379,36959,7.102586,3.2954495,10.456119
1380,34715,10.208966,7.3447795,13.078811
1381,38008,9.172972,6.2474685,12.124578
1382,39874,8.877056,5.8692355,11.871011
1383,42395,9.622376,6.784289,12.4919615
1384,35529,6.5627484,3.3936188,9.681699
1385,30161,7.40374,4.4537225,10.360561
1386,37337,6.507104,2.6240077,10.026404
1387,38634,7.6225953,4.047099,10.885159
1388,38668,8.075799,4.7293735,11.255101
1389,40914,8.966455,5.9878964,11.941449
1390,41908,9.36785,6.51981,12.252411
1391,35384,6.4743996,3.2309892,9.634221
1392,27841,7.5155263,4.509692,10.527978
1393,38553,5.7395,1.5573046,9.243393
1394,40172,8.691752,5.597361,11.736395
1395,40165,9.126468,6.1621914,12.102374
1396,40601,7.989803,4.8138547,11.061397
1397,44832,9.851063,7.0445986,12.689016
1398,37041,6.4003224,3.1913388,9.602166
1399,32678,6.629183,3.487595,9.756445
1400,38153,4.6898255,0.8874017,8.203102
1401,39208,7.882726,4.4544454,11.069324
1402,39069,8.094708,4.752675,11.257835
1403,42116,9.462658,6.5791306,12.369685
1404,43638,10.071322,7.2580366,12.909187
1405,36135,6.532838,3.3635693,9.6763735
1406,30948,6.753229,3.6982298,9.801761
1407,37877,7.391708,3.7771947,10.722804
1408,39769,9.076517,6.100871,12.058508
1409,39498,9.352558,6.459291,12.274213
1410,39440,9.001219,6.01114,11.991411
1411,41979,9.030953,6.1433268,11.948886
1412,33864,5.746243,2.38056,9.024909
1413,29491,7.5827465,4.636098,10.54052
1414,37894,4.919619,0.57532585,8.566436
1415,39924,8.168281,4.8931,11.290379
1416,40078,8.564582,5.446398,11.616704
1417,42268,9.292697,6.4225035,12.192369
1418,44621,10.006656,7.2044015,12.835583
1419,35285,6.4642067,3.3287718,9.565926
1420,39160,8.081106,4.7394,11.252883
1421,39493,9.008854,6.026779,11.996867
1422,41316,9.161375,6.2238984,12.110018
1423,44572,10.11443,7.3015733,12.949881
1424,44550,10.297245,7.495834,13.118328
1425,38924,5.8068533,2.6528702,8.95252
1426,33933,5.7146316,2.3536365,9.02694
1427,39384,8.025403,4.660605,11.195773
1428,40570,8.927735,5.926774,11.918331
1429,41454,9.981543,7.156254,12.831323
1430,41535,9.628111,6.7634296,12.518708
1431,43400,9.978241,7.164438,12.81726
1432,37122,5.6672864,2.5139928,8.802227
1433,33066,5.829731,2.5354826,9.102525
1434,40078,8.866535,5.8318152,11.886086
1435,38312,7.506286,4.053024,10.796274
1436,41471,9.996491,7.175642,12.838519
1437,41765,9.889002,7.0545397,12.748809
1438,46823,10.538529,7.742821,13.35117
1439,40171,5.958427,2.780438,9.134144
1440,36755,6.642923,3.3578153,9.839544
1441,39406,7.1674643,3.527098,10.4234085
1442,38889,7.886876,4.521175,11.042678
1443,39088,8.96778,5.9996467,11.9531355
1444,39881,9.19237,6.262347,12.143323
1445,42152,9.559197,6.711739,12.435213
1446,35633,6.2477055,3.138142,9.342104
1447,31823,6.623201,3.528167,9.710308
1448,39444,8.423883,5.2429276,11.514551
1449,41762,9.380629,6.488792,12.294876
1450,42181,9.833168,6.9967985,12.695389
1451,39636,10.305014,7.498618,13.131796
1452,45155,10.350257,7.5486503,13.170988
1453,38350,5.9195223,2.7218454,9.126632
1454,35075,6.1114826,2.7882767,9.340137
1455,39252,8.345702,5.1498995,11.45861
1456,41683,9.5413685,6.6729584,12.436502
1457,41979,9.790039,6.951887,12.654236
1458,42914,10.12446,7.3096166,12.96097
1459,43749,10.210257,7.405365,13.035409
1460,38530,5.7485404,2.5821257,8.910079
1461,33650,5.538724,2.2057955,8.818521
1462,40351,8.684416,5.609146,11.719864
1463,41511,9.590452,6.727496,12.479029
1464,42136,10.063309,7.247728,12.899549
1465,40613,9.492213,6.615007,12.395347
1466,43694,10.257168,7.4500937,13.083955
1467,37259,6.017465,2.8718138,9.159545
1468,34501,5.837815,2.4716349,9.14055
1469,40437,9.010312,6.0236816,11.999694
1470,40148,9.291488,6.394007,12.216845
1471,42001,9.696007,6.8429413,12.574806
1472,42896,10.078101,7.2601275,12.918683
1473,44287,10.294197,7.488602,13.119157
1474,35794,6.050088,2.929035,9.162421
1475,32957,5.9419413,2.687621,9.18473
1476,39548,8.280949,5.046564,11.412693
1477,41083,9.393311,6.4950356,12.3142185
1478,42030,9.889204,7.054658,12.748773
1479,43770,10.241305,7.431704,13.071711
1480,46049,10.553247,7.7531385,13.371591
1481,40791,6.0382757,2.8919687,9.1738615
1482,37676,6.471606,3.3115742,9.619525
1483,41292,9.417638,6.518328,12.338817
1484,41602,10.356755,7.551788,13.181363
1485,45508,10.441194,7.6293507,13.275122
1486,45071,10.473075,7.669608,13.295377
1487,45136,10.422092,7.619515,13.243092
1488,41121,5.556743,2.3789012,8.741592
1489,34291,5.7030635,2.3443632,8.997081
1490,35508,4.1958776,-0.20763576,8.085675
1491,40669,9.480812,6.6044602,12.385231
1492,42158,10.121097,7.306588,12.9571705
1493,44293,10.4286175,7.6245294,13.252818
1494,45323,10.396632,7.5964627,13.215289
1495,37765,5.9138603,2.7348738,9.09994
1496,35497,6.3666306,3.0475311,9.598389
1497,33421,5.6456413,2.3514004,8.8662405
1498,43905,10.447789,7.638833,13.277014
1499,42464,10.039737,7.21812,12.884977
1500,43700,10.35183,7.546467,13.176974
